owner_repo,repository,language,topics,stars,forks,watchers,contributors,commits,first_commit,last_commit,pull_requests,issues,created_at,pushed_at,license,archived,disabled
lrusnac/hn-notifier,hn-notifier,Python,,10,2,2,2,42,2016-10-03 18:09:34+02:00,2024-11-01 11:33:44+01:00,4,0,2016-10-03T16:08:26Z,2024-11-01T10:33:45Z,,False,False
iotexproject/iotex-desktop-wallet,iotex-desktop-wallet,TypeScript,,140,78,25,60,1473,2018-12-11 14:58:06-08:00,2024-10-22 11:48:51-07:00,1114,781,2018-10-20T01:12:56Z,2024-10-22T18:48:51Z,Apache License 2.0,False,False
dotintent/react-native-ble-plx,react-native-ble-plx,Java,,3260,526,74,64,829,2016-05-31 12:51:08+02:00,2025-04-03 11:01:11+03:00,246,1018,2016-07-27T10:57:27Z,2025-05-26T20:09:33Z,Apache License 2.0,False,False
leo-editor/leo-editor,leo-editor,Python,"editor, ide, outliner, pim",1543,163,45,89,36410,2008-02-28 10:12:24+02:00,2025-05-11 06:13:23-05:00,1570,2774,2014-02-11T11:14:41Z,2025-07-09T20:44:19Z,Other,False,False
mruby/mruby,mruby,C,,5389,813,236,371,16887,2012-04-19 02:11:15-07:00,2025-05-15 05:46:57+09:00,4545,1691,2012-04-19T09:11:15Z,2025-07-09T05:19:11Z,MIT License,False,False
coronasafe/care,care,Python,"digital-public-goods, hacktoberfest, healthcare, hmis",314,448,12,135,4037,2020-03-17 20:25:52+05:30,2025-05-13 18:20:02+05:30,0,0,2020-03-17T14:48:11Z,2025-07-09T19:50:23Z,MIT License,False,False
OpenMage/magento-lts,magento-lts,PHP,"composer, ecommerce, ecommerce-framework, ecommerce-platform, hacktoberfest, magento, magento-1, magento1, openmage, php",901,450,63,248,2891,2009-01-17 17:44:42-05:00,2025-05-14 04:20:53+02:00,3014,937,2014-10-17T14:23:00Z,2025-07-09T02:45:15Z,Open Software License 3.0,False,False
coding-blocks/CBOnlineApp,CBOnlineApp,Kotlin,"hacktoberfest, hacktoberfest2020",156,181,10,52,1675,2018-09-09 17:39:49+05:30,2020-10-17 22:14:12+05:30,806,249,2018-09-09T12:09:48Z,2021-10-04T01:24:47Z,GNU General Public License v3.0,False,False
boutproject/BOUT-dev,BOUT-dev,C++,"c-plus-plus, computational-physics, numerical-modelling, pde, physics, physics-simulation-library, plasma, python",206,101,30,119,13966,2010-06-15 12:12:33+01:00,2025-04-25 09:27:58-07:00,2217,650,2013-09-12T12:57:55Z,2025-07-08T18:36:21Z,GNU Lesser General Public License v3.0,False,False
pubstandards/pubstandards-london,pubstandards-london,Python,,27,10,5,9,179,2013-10-15 13:34:20+01:00,2025-03-13 11:02:10+00:00,20,10,2013-10-15T16:17:28Z,2025-03-13T11:02:20Z,,False,False
jbangdev/jbang,jbang,Java,"bash, hacktoberfest, java, scripting, shell",1591,172,25,106,1887,2019-12-23 14:42:49+01:00,2025-05-15 12:32:22+02:00,980,561,2019-12-24T22:52:02Z,2025-07-08T21:40:27Z,MIT License,False,False
thought-machine/please,please,Go,"bazel, buck, build, build-system, build-tool, monorepo, multi-language, pants, please-build",2521,208,40,144,4400,2016-02-02 14:47:04+00:00,2025-05-07 12:57:28+01:00,2498,755,2016-02-02T11:27:05Z,2025-07-02T15:21:48Z,Apache License 2.0,False,False
dry-python/returns,returns,Python,"dry-python, fp, functional-programming, hacktoberfest, mypy, mypy-plugins, mypy-stubs, python, python3, railway-oriented-programming, type-safety",3994,135,43,66,2076,2019-01-26 16:08:01+03:00,2025-05-14 01:16:07+03:00,1695,358,2019-01-26T13:08:38Z,2025-07-07T21:52:10Z,"BSD 2-Clause ""Simplified"" License",False,False
emuflight/EmuFlight,EmuFlight,C,"emuflight, emuflight-configurator, flight-controller, fpv, freestyle, hacktoberfest, macroquad, miniquad, multirotor, quadcopter, stm32, whoop",483,116,27,436,13217,2012-02-16 09:39:58+00:00,2024-11-12 09:55:11-06:00,726,274,2019-07-15T13:42:17Z,2025-06-30T18:30:06Z,GNU General Public License v3.0,False,False
cedricziel/idea-php-typo3-plugin,idea-php-typo3-plugin,Java,"hacktoberfest, intellij, intellij-plugin, phpstorm, phpstorm-plugin, typo3-cms",97,8,16,8,864,2017-02-17 17:42:24+01:00,2023-04-04 12:22:57+02:00,251,92,2017-02-17T16:41:47Z,2023-08-29T00:52:24Z,MIT License,False,False
Icinga/icinga2,icinga2,C++,"cluster, distributed-monitoring, elastic, graphite, graylog, icinga, influxdb, metrics, monitoring, notification, opentsdb, performance, rest-api, tls",2108,589,121,360,14177,2012-03-28 13:24:49+02:00,2025-05-14 17:06:36+02:00,3127,6749,2013-08-28T18:02:06Z,2025-07-09T16:46:59Z,GNU General Public License v2.0,False,False
vbenjs/vue-vben-admin,vue-vben-admin,Vue,"admin-template, ant-design, element-plus, monorepo, naive-ui, shadcn-ui, tsx, typescript, vben, vite, vite-template, vue-router, vue3, vuex",29024,7872,256,94,942,2024-05-19 21:20:42+08:00,2025-05-12 23:34:08+08:00,2274,3288,2020-07-11T02:29:21Z,2025-07-09T19:36:47Z,MIT License,False,False
jelhan/croodle,croodle,JavaScript,hacktoberfest,200,25,9,21,1784,2013-10-22 02:09:12-07:00,2025-05-15 12:14:44+00:00,1029,150,2013-10-22T09:09:12Z,2025-07-09T17:05:15Z,MIT License,False,False
jfrog/build-info,build-info,Java,,147,161,48,122,3005,2010-01-14 14:02:55+00:00,2025-04-30 15:27:28+05:30,550,108,2011-02-20T23:33:55Z,2025-07-01T05:52:14Z,Apache License 2.0,False,False
feast-dev/feast,feast,Python,"big-data, data-engineering, data-quality, data-science, feature-store, features, machine-learning, ml, mlops, python",6204,1122,75,332,3997,2018-12-10 16:58:14+08:00,2025-05-15 12:40:37-04:00,3657,1512,2018-12-10T07:20:15Z,2025-07-09T14:09:21Z,Apache License 2.0,False,False
exercism/website,website,Ruby,community-contributions-paused,481,142,14,68,4274,2020-05-04 17:02:35+01:00,2025-05-16 01:34:10+09:00,3573,562,2020-05-03T22:40:17Z,2025-07-09T15:09:06Z,GNU Affero General Public License v3.0,False,False
stern/stern,stern,Go,"debugging, devops, kubernetes, logging, logs, tail",4045,144,25,54,301,2016-09-22 10:51:09+02:00,2025-03-23 22:40:32+09:00,172,120,2020-10-21T12:14:48Z,2025-05-27T12:33:32Z,Apache License 2.0,False,False
rizsotto/Bear,Bear,C++,"build-system, build-tool, clang, compilation-database",5681,336,58,69,1288,2012-10-30 10:53:39+01:00,2025-05-10 12:12:06+10:00,147,404,2012-10-30T14:27:29Z,2025-07-04T12:56:54Z,GNU General Public License v3.0,False,False
kornia/kornia,kornia,Python,"artificial-intelligence, computer-vision, deep-learning, image-processing, machine-learning, neural-network, python, pytorch, robotics, spatial-ai",10591,1031,129,302,2886,2018-08-22 11:31:38+01:00,2025-05-13 11:52:31+02:00,2013,680,2018-08-22T10:31:37Z,2025-07-07T19:43:59Z,Apache License 2.0,False,False
yiisoft/yii2-mongodb,yii2-mongodb,PHP,"hacktoberfest, mongodb, yii, yii2",330,194,47,176,4990,2011-04-14 09:05:15-04:00,2025-05-06 20:40:39+03:00,137,208,2013-12-06T16:00:15Z,2025-07-08T07:57:18Z,"BSD 3-Clause ""New"" or ""Revised"" License",False,False
geops/openlayers-editor,openlayers-editor,JavaScript,"editor, geo, gis, map, openlayers, openlayers-editor, spatial",223,65,22,29,534,2017-03-22 11:48:29+01:00,2024-09-17 16:33:57+02:00,226,47,2017-06-23T12:38:36Z,2024-12-15T05:50:27Z,"BSD 2-Clause ""Simplified"" License",False,False
apache/hop,hop,Java,"apache, data-integration, etl, hop, java, orchestration, pipeline, streaming, workflow",1175,387,48,119,8191,2019-09-24 12:48:13+02:00,2025-05-14 22:04:22+02:00,3160,1201,2019-09-24T10:48:12Z,2025-07-09T18:56:14Z,Apache License 2.0,False,False
AcademySoftwareFoundation/openexr,openexr,C,"academy, hdr, image-processing, images, openexr, vfx",1706,650,134,175,2684,2003-01-21 06:34:28+00:00,2025-04-12 21:48:39-07:00,1388,434,2012-02-24T06:30:00Z,2025-06-30T05:11:44Z,"BSD 3-Clause ""New"" or ""Revised"" License",False,False
webextension-toolbox/webextension-toolbox,webextension-toolbox,TypeScript,"auto, chrome, chrome-extension, cli-toolbox, edge, edge-extension, firefox, firefox-extension, opera-extension, webextension, webextension-toolbox, webpack",760,70,11,29,581,2018-01-06 16:29:58+01:00,2025-04-18 17:36:27-07:00,1034,82,2018-01-04T18:24:25Z,2025-06-23T12:50:11Z,MIT License,False,False
jens-maus/RaspberryMatic,RaspberryMatic,JavaScript,"buildroot, ccu, ccu3, docker, elv-charly, embedded-devices, esxi, home-automation, homeassistant, homematic, homematicip, iot, kubernetes, linux, operating-system, raspberrymatic, raspberrypi, smarthome, tinkerboard, virtual-appliance",1647,195,111,56,6411,2016-06-22 15:33:04+02:00,2025-05-15 12:08:28+02:00,469,1772,2016-06-22T13:33:04Z,2025-07-09T18:17:35Z,Apache License 2.0,False,False
zhiqwang/yolov5-rt-stack,yolov5-rt-stack,Python,"deployment, detection, graghsurgeon, inference, jit, libtorch, lightning, ncnn, nms, onnx, onnxruntime, pytorch, tensorrt, torchscript, trt, tvm, visualization, yolo, yolort, yolov5",731,151,14,37,433,2020-08-14 08:01:06-04:00,2024-01-02 19:55:20+08:00,0,0,2020-08-14T11:31:00Z,2025-06-23T18:34:47Z,GNU General Public License v3.0,False,False
palantir/python-language-server,python-language-server,Python,octo-correct-managed,2650,285,312,78,318,2017-01-04 11:13:39+00:00,2024-09-19 16:07:35+01:00,382,368,2017-01-12T23:50:10Z,2024-12-13T18:31:23Z,MIT License,False,False
apache/incubator-tuweni,incubator-tuweni,Java,"blockchain, crypto, decentralized, ethereum, securescuttlebutt, tuweni",172,84,15,33,1492,2019-04-02 15:22:24-04:00,2023-05-29 00:12:16-07:00,435,118,2019-03-29T19:02:36Z,2023-07-21T03:00:26Z,Apache License 2.0,True,False
gomods/athens,athens,Go,"athens, dependencies, dependency-manager, go, go-modules, golang, goproxy, package-control, package-manager, proxy, proxy-server",4591,522,95,228,1054,2018-02-25 12:19:42-08:00,2025-05-14 13:38:07+02:00,1143,680,2018-02-25T20:19:41Z,2025-07-08T08:00:59Z,MIT License,False,False
pubkey/rxdb,rxdb,TypeScript,"angular, browser-database, couchdb, crdt, database, firebase, graphql, indexeddb, ionic, local-first, localstorage, nodejs, nosql, pouchdb, react-native, realtime, realtime-database, rxdb, rxjs, sqlite",22486,1121,206,272,12747,2016-12-02 20:40:32+01:00,2025-05-15 22:35:51+00:00,6269,785,2016-12-02T19:34:42Z,2025-07-09T19:04:20Z,Apache License 2.0,False,False
electron/forge,forge,TypeScript,"build, electron, hacktoberfest, javascript, linux, macos, package, typescript, webpack, windows",6777,578,76,126,3250,2016-10-06 01:42:02+11:00,2025-05-15 05:43:23+00:00,2387,1294,2016-10-05T14:51:53Z,2025-07-07T22:16:59Z,MIT License,False,False
sysgears/webpack-virtual-modules,webpack-virtual-modules,TypeScript,"modules, overlay, virtual, webpack, webpack-plugin",516,43,19,21,125,2017-03-27 11:12:09+03:00,2025-04-08 20:58:36+03:00,144,39,2017-03-27T08:12:09Z,2025-04-08T17:58:36Z,MIT License,False,False
vert-x3/vertx-cassandra-client,vertx-cassandra-client,Java,"cassandra, cassandra-client, perforomance, reactive, vertx",33,17,21,15,440,2018-05-03 14:51:55+03:00,2025-05-14 13:15:05+00:00,50,35,2018-08-14T16:14:36Z,2025-06-24T12:30:26Z,Apache License 2.0,False,False
airbnb/lottie-android,lottie-android,Java,"after-effects, airbnb, android, animation, lottie",35400,5438,843,171,1645,2016-08-12 13:43:54-07:00,2025-04-09 19:56:50-07:00,808,1737,2016-10-06T22:42:42Z,2025-06-29T18:59:26Z,Apache License 2.0,False,False
tymondesigns/jwt-auth,jwt-auth,PHP,"authentication, jwt, laravel, php",11413,1551,260,84,1503,2014-09-04 22:50:50+01:00,2025-04-16 23:27:46+01:00,614,1052,2014-09-04T21:50:50Z,2025-04-16T22:27:46Z,MIT License,False,False
vmware/vcd-ext-sdk,vcd-ext-sdk,TypeScript,,42,39,20,24,201,2018-02-16 14:49:47-06:00,2023-07-11 14:46:32+03:00,0,0,2018-02-16T20:49:45Z,2023-07-11T11:46:32Z,Other,True,False
hetznercloud/hcloud-cloud-controller-manager,hcloud-cloud-controller-manager,Go,"hcloud, hetzner, hetzner-cloud, kubernetes",799,124,19,52,543,2018-01-24 16:32:16+01:00,2025-05-07 16:35:08+02:00,569,321,2018-01-24T15:27:24Z,2025-07-09T15:00:53Z,Apache License 2.0,False,False
Netflix/dgs-framework,dgs-framework,Kotlin,"dgs, graphql, graphql-java, java, spring-boot",3235,315,234,124,1797,2020-12-01 14:15:25-08:00,2025-04-29 09:55:37-07:00,965,451,2020-11-30T23:54:32Z,2025-07-09T15:09:38Z,Apache License 2.0,False,False
tobi-wan-kenobi/bumblebee-status,bumblebee-status,Python,"gruvbox, hacktoberfest, i3bar, i3wm, nord, powerline, solarized",1257,234,18,215,2883,2016-10-30 15:07:21+01:00,2025-04-12 18:09:37+02:00,498,501,2016-10-30T14:07:20Z,2025-07-06T08:54:47Z,MIT License,False,False
tancredi/fantasticon,fantasticon,TypeScript,,995,113,8,12,438,2019-03-17 17:07:41+00:00,2024-04-08 15:28:10+02:00,466,39,2020-10-05T01:00:00Z,2024-07-08T04:36:59Z,MIT License,False,False
moby/buildkit,buildkit,Go,"builder, buildkit, cloud-native, containers, docker, dockerfile, go, golang, oci, oci-image",9191,1263,128,383,7953,2015-12-14 14:59:52+01:00,2025-05-15 21:41:17+09:00,3562,1367,2017-05-31T17:04:10Z,2025-07-03T00:27:16Z,Apache License 2.0,False,False
ether/ueberDB,ueberDB,TypeScript,,268,94,19,52,1282,2011-05-08 16:16:44+01:00,2025-04-08 17:50:20+00:00,777,65,2011-05-08T15:06:29Z,2025-06-26T13:03:40Z,Apache License 2.0,False,False
phparkitect/arkitect,arkitect,PHP,"architecture, hacktoberfest, php, testing",825,47,10,44,687,2020-07-01 10:53:18+02:00,2025-05-14 09:09:26+02:00,298,164,2020-06-30T18:53:21Z,2025-07-08T09:35:32Z,MIT License,False,False
jpd002/Play-,Play-,C++,"cpp, emulation, emulator, playstation-2",2379,298,194,75,8488,2006-06-15 04:19:19+00:00,2025-05-12 12:39:47-04:00,386,684,2014-02-23T08:45:33Z,2025-07-09T13:00:34Z,Other,False,False
TypeStrong/fork-ts-checker-webpack-plugin,fork-ts-checker-webpack-plugin,TypeScript,"babel-loader, checker, eslint, plugin, speedup, ts-loader, typescript, vue, webpack, webpack-plugin",1984,246,18,101,645,2017-04-25 14:40:38+02:00,2025-04-03 18:09:00+02:00,417,414,2017-04-25T12:26:02Z,2025-04-03T16:20:10Z,MIT License,False,False
ever-co/ever-gauzy,ever-gauzy,TypeScript,"accounting, billing, bookkeeping, crm, crm-platform, erp, expenses, hr, human-resources, invoices, invoicing, issue-tracker, payroll, productivity, project-management, salary, team-management, time-tracker, time-tracking, timetracking",3074,640,52,121,25477,2019-06-02 12:47:13+03:00,2025-05-15 16:17:43+05:30,7036,1509,2019-06-02T09:47:13Z,2025-07-09T18:23:03Z,GNU Affero General Public License v3.0,False,False
YusukeHosonuma/SwiftPrettyPrint,SwiftPrettyPrint,Swift,"ios, pretty-print, swift",326,21,3,21,593,2020-02-14 11:52:11+09:00,2022-06-20 09:07:58+09:00,137,50,2020-02-14T02:52:10Z,2024-09-03T20:56:14Z,MIT License,False,False
nodejs/nodejs-ko,nodejs-ko,Stylus,"korean, node, nodejs",264,67,39,42,1205,2015-02-08 07:05:45+09:00,2022-04-09 11:30:03-07:00,582,615,2015-02-07T20:00:23Z,2022-09-08T06:11:18Z,Other,True,False
GraphQL-Portal/graphql-portal,graphql-portal,TypeScript,"api, gateway, graphql, graphql-gateway, graphql-portal, typescript",227,12,7,15,1088,2020-12-01 11:09:39+01:00,2021-09-06 13:03:42+03:00,583,6,2020-12-01T10:09:37Z,2025-06-01T20:16:40Z,MIT License,False,False
Anapher/Strive,Strive,C#,,213,55,9,2,725,2020-10-02 10:48:48+02:00,2022-02-18 12:50:09+01:00,0,6,2020-10-03T16:22:30Z,2023-02-17T02:15:51Z,Apache License 2.0,False,False
gatsbyjs/wp-gatsby,wp-gatsby,PHP,,169,44,19,20,286,2020-05-14 17:51:13-07:00,2023-06-30 09:47:23-07:00,106,73,2020-05-14T23:21:42Z,2023-09-29T20:48:52Z,Other,False,False
jflex-de/jflex,jflex,Java,"bazel-rules, cup, dfa, dfa-minimization, flex, grammar, java, lexer, lexer-generator, lexical-analyzer, maven-plugin, nfa, parsing, regexp, scanner, scanner-generator, tokenizer, yacc",608,117,22,27,2110,2003-01-07 15:30:21+00:00,2025-01-02 09:24:42+11:00,769,307,2015-02-15T05:33:03Z,2025-01-01T22:25:36Z,Other,False,False
ebkr/r2modmanPlus,r2modmanPlus,TypeScript,"content-warning, core-keeper, dyson-sphere-program, for-the-king, gtfo, h3vr, lethal-company, mechanica, mod-manager, modding, muck, northstar, outward, risk-of-rain-2, rounds, subnautica, talespire, titanfall-2, valheim",1630,227,10,42,2620,2019-11-24 10:58:12+00:00,2025-05-15 15:08:01+01:00,947,437,2019-11-24T10:58:12Z,2025-07-07T12:41:03Z,MIT License,False,False
tw-in-js/twind,twind,JavaScript,"css, css-in-js, tailwind, tailwind-in-js, tailwindcss",3881,106,16,21,786,2022-01-08 00:18:52+01:00,2025-05-11 04:10:28+00:00,161,237,2020-12-05T17:59:21Z,2025-07-06T04:18:13Z,MIT License,False,False
PatchworkMC/patchwork-api,patchwork-api,Java,hacktoberfest,282,49,27,33,535,2019-12-11 18:35:30-08:00,2024-06-02 21:17:37-05:00,173,38,2019-12-12T23:45:49Z,2024-06-03T02:17:38Z,GNU Lesser General Public License v2.1,True,False
ralliejs/rallie,rallie,TypeScript,"frontend-web, javascript, micro-frontend, micro-frontend-architecture, microfrontends, module-federation, react, vue",299,25,3,6,340,2019-12-02 23:17:33+08:00,2025-03-02 14:18:39+08:00,35,9,2019-12-02T15:17:32Z,2025-03-02T06:20:00Z,MIT License,False,False
RailsEventStore/rails_event_store,rails_event_store,Ruby,"aggregate-root, cqrs, cqrs-es, ddd, domain-driven-design, event-driven, event-driven-architecture, event-sourcing, rails, ruby",1464,125,34,90,7564,2015-04-01 00:51:35+02:00,2025-05-15 20:07:44+02:00,1241,495,2015-03-31T22:02:32Z,2025-07-09T19:22:25Z,MIT License,False,False
serenity-bdd/serenity-cucumber-starter,serenity-cucumber-starter,Java,,195,309,22,6,211,2017-09-02 15:26:54+01:00,2025-04-16 08:55:16+01:00,12,50,2017-09-02T14:26:53Z,2025-04-16T07:55:17Z,Apache License 2.0,False,False
mediathekview/MediathekView,MediathekView,Java,"hacktoberfest, mediathekview, mediathekview-das-programm",922,100,46,29,5420,2012-02-09 19:12:26+01:00,2025-05-15 23:21:48+02:00,162,581,2014-08-16T13:55:41Z,2025-07-08T14:49:07Z,GNU General Public License v3.0,False,False
Eeems-Org/oxide,oxide,C++,remarkable-tablet,264,23,5,23,447,2019-09-14 16:57:43-06:00,2025-04-22 19:17:44-06:00,140,203,2020-08-30T21:41:02Z,2025-06-27T00:30:02Z,MIT License,False,False
firebase/snippets-web,snippets-web,JavaScript,,778,264,95,46,300,2017-06-21 16:28:53+00:00,2025-02-06 15:39:06-08:00,249,64,2017-06-27T21:41:51Z,2025-07-09T08:48:22Z,Apache License 2.0,False,False
vazco/uniforms,uniforms,TypeScript,"component-library, components, form-builder, form-controls, forms, hacktoberfest, meteor, react, react-components, react-library",2041,250,29,83,1735,2016-05-10 15:13:25+02:00,2025-04-09 09:12:26+02:00,497,786,2016-05-10T13:08:50Z,2025-04-09T07:17:10Z,MIT License,False,False
Khan/math-input,math-input,JavaScript,,225,64,78,23,397,2016-04-19 20:32:08-07:00,2022-05-04 11:44:41-07:00,66,23,2016-04-20T03:32:52Z,2022-05-04T18:44:41Z,MIT License,True,False
aws/aws-node-termination-handler,aws-node-termination-handler,Go,"aws-ec2, eks, golang, kubernetes, maintenance-events, spot-instances",1697,275,19,107,641,2019-09-04 18:02:39+00:00,2025-04-28 12:47:32-07:00,827,299,2019-10-21T17:57:15Z,2025-06-30T22:43:53Z,Apache License 2.0,False,False
grame-cncm/faust,faust,C++,"audio, c, c-plus-plus, cmajor, compiler, cpp, csharp, dlang, dsp, faust, functional-programming, jax, jsfx, julia, julia-language, llvm, rnbo, rust, wasm",2782,353,87,191,13876,2004-04-27 15:20:07+00:00,2025-05-14 23:06:20+02:00,452,444,2016-11-05T13:09:11Z,2025-07-08T15:25:48Z,Other,False,False
remap-keys/remap,remap,TypeScript,"keyboard, qmk-firmware, remap, web-serial-api, webhid-api, webusb-api",258,36,3,17,2052,2020-12-14 19:14:58+09:00,2025-05-14 07:32:13+00:00,551,299,2020-12-14T10:06:03Z,2025-07-03T07:41:15Z,Other,False,False
moleculerjs/moleculer,moleculer,JavaScript,"distributed-systems, microservice, microservice-framework, microservices, moleculer, nodejs",6293,593,123,166,4280,2016-12-09 21:26:28+01:00,2025-02-03 18:53:03+01:00,515,644,2017-02-17T11:11:35Z,2025-06-25T13:17:03Z,MIT License,False,False
HSLdevcom/digitransit-ui,digitransit-ui,JavaScript,digitransit,248,137,21,125,25073,2015-03-26 10:38:16+02:00,2025-05-15 15:19:37+03:00,5054,237,2015-03-26T08:38:16Z,2025-07-09T13:23:30Z,Other,False,False
Azure/static-web-apps-cli,static-web-apps-cli,TypeScript,"authentication, azure, azure-functions, cli, serverless, static, swa, swa-emulator, web, webapp",634,134,18,72,1139,2020-06-26 22:53:19+02:00,2025-04-29 14:17:14+08:00,522,284,2020-06-26T20:48:08Z,2025-05-13T14:25:40Z,MIT License,False,False
jsdelivr/bootstrapcdn,bootstrapcdn,JavaScript,"bootlint, bootstrap, bootstrap4, bootstrapcdn, bootswatch, bootswatch-theme, cdn, font, font-awesome, fontawesome, fontawesome4, fontawsome, javascript, jsdelivr, stackpath, stylesheet, theme",1366,263,64,58,3330,2012-06-08 18:55:30-07:00,2024-10-03 11:25:29+02:00,1331,462,2012-06-09T01:55:30Z,2024-10-03T09:25:29Z,MIT License,False,False
carbon-design-system/gatsby-theme-carbon,gatsby-theme-carbon,MDX,"carbon, gatsby, gatsby-theme-carbon, hacktoberfest",363,278,17,81,1840,2019-04-10 16:14:12-05:00,2025-05-07 14:52:39-04:00,931,561,2019-04-12T18:18:58Z,2025-07-02T15:40:27Z,Apache License 2.0,False,False
listen1/listen1_chrome_extension,listen1_chrome_extension,JavaScript,"chrome-extension, music-player",11793,2042,231,51,532,2016-04-30 14:42:45+08:00,2025-04-07 00:14:58+08:00,334,445,2016-04-30T06:40:37Z,2025-06-17T13:15:48Z,MIT License,False,False
dev-launchers/dev-launchers-platform,dev-launchers-platform,JavaScript,"docker, hacktoberfest, monorepo, nextjs, storybook, typescript, yarn-workspaces",42,32,18,118,4591,2020-01-03 22:54:21-06:00,2025-05-15 10:47:55-05:00,1169,757,2019-12-03T03:45:06Z,2025-07-09T03:37:19Z,GNU General Public License v3.0,False,False
brndnmtthws/conky,conky,C++,"c-plus-plus, cairo, conky, imlib2, linux, lua, system-monitoring, wayland",7794,634,171,259,4503,2005-07-20 00:30:40+00:00,2025-05-11 15:11:39+02:00,1070,900,2012-12-26T19:50:17Z,2025-07-07T19:51:13Z,GNU General Public License v3.0,False,False
theforeman/foreman_ansible,foreman_ansible,JavaScript,"ansible, foreman, hacktoberfest",213,113,21,91,759,2015-10-24 18:04:13+02:00,2025-05-07 08:48:14+02:00,717,0,2015-10-24T15:53:48Z,2025-06-24T10:26:43Z,GNU General Public License v3.0,False,False
Ocramius/GeneratedHydrator,GeneratedHydrator,PHP,,726,68,27,34,1654,2013-03-19 10:42:39+01:00,2024-01-09 11:04:30+01:00,606,31,2013-07-11T19:16:40Z,2025-02-19T12:34:18Z,MIT License,True,False
playpauseandstop/rororo,rororo,Python,"aiohttp, aiohttp-server, asyncio, openapi, openapi3, python, python-3, python-3-10, python-3-11, python-3-7, python-3-8, python-3-9, python-library, python3",105,9,5,10,544,2012-10-22 11:08:05+03:00,2024-09-04 11:41:58+02:00,372,44,2012-10-22T08:08:52Z,2024-12-24T00:41:21Z,"BSD 3-Clause ""New"" or ""Revised"" License",False,False
stylelint/stylelint-config-recommended,stylelint-config-recommended,JavaScript,stylelint,393,30,8,18,215,2017-07-01 13:10:00+01:00,2025-05-02 08:15:30+09:00,211,37,2017-07-01T12:10:00Z,2025-07-01T17:59:08Z,MIT License,False,False
babenkoivan/elastic-scout-driver-plus,elastic-scout-driver-plus,PHP,"driver, elastic, elasticsearch, extension, laravel, php, scout",276,55,6,12,288,2020-02-15 13:04:02+01:00,2025-04-16 12:20:50+02:00,26,146,2020-02-15T09:38:03Z,2025-04-16T10:23:10Z,MIT License,False,False
salsita/node-pg-migrate,node-pg-migrate,TypeScript,"api, cockroach, cockroachdb, database, db, db-migrate, expandable, extensible, migrate, migration, migrations, migrator, pg, postgre, postgres, postgresql, programable, programatic, sql",1380,183,14,85,1316,2014-03-13 16:09:22-07:00,2025-05-14 22:05:18+02:00,1057,282,2014-03-13T23:09:22Z,2025-07-09T17:36:12Z,MIT License,False,False
nfrechette/acl,acl,C++,"animation-3d, animation-compression, c-plus-plus, compression, cpp, game-development, game-engine",1445,120,43,16,2475,2017-05-17 16:02:25-04:00,2025-03-30 11:09:08-04:00,278,192,2017-05-17T20:02:25Z,2025-07-08T02:58:03Z,MIT License,False,False
willnorris/imageproxy,imageproxy,Go,imageproxy,3745,492,67,47,445,2013-11-27 08:19:15-08:00,2025-05-01 02:54:36-07:00,223,154,2013-12-06T18:23:16Z,2025-07-01T19:15:14Z,Apache License 2.0,False,False
helmwave/helmwave,helmwave,Go,"chart, helm, helmwave, kubernetes",821,41,13,30,2415,2020-11-02 03:10:31+03:00,2025-05-08 14:26:30+03:00,879,202,2020-11-02T00:09:57Z,2025-07-08T23:24:02Z,MIT License,False,False
ethz-asl/aerial_mapper,aerial_mapper,C++,"colmap, dem, dsm, grid-map, mapping, mosaic, orthomosaic, pix4d, uav",586,162,48,4,252,2017-06-19 14:31:30+02:00,2021-02-22 09:49:13+01:00,17,31,2017-06-19T12:31:30Z,2021-03-15T00:10:53Z,"BSD 3-Clause ""New"" or ""Revised"" License",True,False
uploadcare/uploadcare-widget,uploadcare-widget,JavaScript,"dialog, file, file-upload, file-validation, filepicker, files, image, image-upload, images, store, upload, uploadcare, uploader, validation, widget",230,100,24,84,3453,2012-11-02 13:25:25+02:00,2024-10-03 18:48:26+03:00,813,128,2012-09-06T17:07:04Z,2025-07-08T09:43:11Z,"BSD 2-Clause ""Simplified"" License",False,False
running-coder/nanolooker,nanolooker,TypeScript,"altcoin, blockchain-explorer, cryptocurrency, nano, nanocurrency, raiblocks",94,58,7,36,566,2020-01-19 11:51:51-05:00,2024-04-21 13:06:27-04:00,128,25,2020-01-19T16:29:46Z,2024-05-24T06:56:54Z,MIT License,False,False
textileio/textile,textile,Go,,226,44,9,13,292,2019-12-10 17:10:44-03:00,2022-12-16 17:04:59-03:00,265,203,2019-12-09T17:42:59Z,2023-05-05T02:32:42Z,MIT License,False,False
lonnieezell/myth-auth,myth-auth,PHP,"authentication, codeigniter4",645,207,31,64,698,2017-11-21 00:18:06-06:00,2024-03-10 00:25:34+05:00,266,258,2017-11-21T06:18:48Z,2024-04-25T02:46:31Z,MIT License,False,False
CenterForOpenScience/ember-osf-web,ember-osf-web,TypeScript,"ember, javascript, openscience, osf, science",120,59,14,57,6635,2017-09-14 14:25:42-04:00,2025-05-13 15:36:30-04:00,2539,2,2017-09-14T18:25:41Z,2025-07-09T20:18:47Z,Apache License 2.0,False,False
spockframework/spock,spock,Java,"bdd-style-testing-framework, groovy, java, spock-framework, testing",3600,471,132,143,3359,2007-03-09 15:14:51+00:00,2025-04-27 21:11:47+02:00,1080,798,2010-12-12T19:02:34Z,2025-07-04T14:56:12Z,Apache License 2.0,False,False
moshebe/gebug,gebug,Go,,632,17,5,7,462,2020-07-20 16:43:43+03:00,2024-01-27 08:31:03+02:00,771,18,2020-07-20T13:43:42Z,2024-04-24T21:11:58Z,Apache License 2.0,False,False
golevelup/nestjs,nestjs,TypeScript,"event-management, express, graphql, hacktoberfest, hasura, javascript, microservices, nestjs, nodejs, plugins, rabbitmq, typescript, webhooks",2548,286,22,116,628,2019-01-26 13:22:36-05:00,2025-05-08 08:19:43-06:00,501,467,2019-01-26T18:26:08Z,2025-07-09T01:07:34Z,MIT License,False,False
avrae/avrae,avrae,Python,"avrae, ddb, discord-bot, dnd5e, dungeons-and-dragons, hacktoberfest",432,134,8,62,6055,2016-12-26 17:36:43-08:00,2025-05-15 14:08:16-04:00,777,1278,2017-02-02T04:40:12Z,2025-07-09T19:57:03Z,GNU General Public License v3.0,False,False
wellyshen/react-cool-onclickoutside,react-cool-onclickoutside,TypeScript,"elements, hook, onclickoutside, react, typescript",551,13,5,7,1512,2020-01-05 22:55:32+08:00,2023-08-13 00:40:16+08:00,930,11,2020-01-05T14:28:07Z,2023-08-12T16:40:16Z,MIT License,False,False
GAM-team/got-your-back,got-your-back,Python,,2851,222,71,20,789,2014-06-13 18:55:34-04:00,2025-02-04 16:12:14-05:00,35,328,2014-06-13T22:55:34Z,2025-02-04T21:12:14Z,Apache License 2.0,False,False
ani-memes/AMII,AMII,Kotlin,"anime, anime-meme, jetbrains-plugin, memes, reaction-gifs",296,15,6,5,379,2020-10-12 05:18:00-05:00,2024-11-20 17:13:57-06:00,108,71,2020-10-12T10:17:57Z,2025-06-28T16:36:21Z,Apache License 2.0,False,False
Trustroots/trustroots,trustroots,JavaScript,"community, hospex, hospitality, javascript, map, traveling, trustroots",399,135,32,214,5237,2013-05-22 17:01:43+03:00,2025-04-22 15:47:49+00:00,1806,884,2014-10-02T08:38:46Z,2025-04-22T15:47:50Z,GNU Affero General Public License v3.0,False,False
dereuromark/cakephp-tinyauth,cakephp-tinyauth,PHP,"acl, authentication, authorization, cakephp, cakephp-plugin, multi-role, php",130,42,9,45,1498,2010-06-24 15:55:42+02:00,2025-05-08 15:31:59+02:00,82,70,2014-09-18T13:56:34Z,2025-05-25T14:00:22Z,MIT License,False,False
ansible-community/molecule-vagrant,molecule-vagrant,Python,"ansible, hacktoberfest, hashicorp, molecule, molecule-driver, vagrant",144,25,21,20,158,2020-01-14 10:50:07+00:00,2023-01-06 21:21:29+00:00,146,48,2019-10-27T10:22:07Z,2023-01-06T21:41:21Z,MIT License,True,False
studentinsights/studentinsights,studentinsights,JavaScript,"civic-tech, edtech, education, educators, k12, somerville, students, teachers",132,54,11,47,12353,2015-01-13 17:14:08-08:00,2024-08-27 00:26:59-04:00,2385,502,2016-02-08T20:15:35Z,2024-08-27T04:26:59Z,MIT License,False,False
Turbo87/intellij-emberjs,intellij-emberjs,Kotlin,"ember, ember-cli, intellij, intellij-plugin",219,33,9,27,897,2015-11-17 21:30:52+01:00,2025-01-18 12:39:22+00:00,343,135,2015-11-17T20:30:52Z,2025-07-04T16:55:07Z,Apache License 2.0,False,False
redwood/redwood,redwood,Go,"badger, badgerdb, blockchain, braid, braid-protocol, crdt, database, decentralized, end-to-end-encryption, git, offline-first, p2p, peer-to-peer, realtime-database, redwood, state-trees",894,25,20,7,631,2019-09-25 21:13:29-07:00,2022-06-20 06:32:10-05:00,124,52,2019-09-26T04:13:14Z,2023-03-07T00:36:48Z,MIT License,False,False
nextgenusfs/funannotate,funannotate,Python,"comparative-genomics, gene-models, genome-annotation, ncbi-submission",355,89,16,32,1515,2015-12-18 14:24:01-06:00,2025-03-07 00:21:13-08:00,63,756,2015-12-18T20:21:15Z,2025-07-06T21:10:39Z,"BSD 2-Clause ""Simplified"" License",False,False
typicode/json-server,json-server,JavaScript,,74577,7188,1008,91,976,2013-11-30 14:42:14+01:00,2025-03-31 13:11:50+02:00,318,548,2013-11-27T13:21:13Z,2025-03-31T11:11:50Z,Other,False,False
doctrine/DoctrineBundle,DoctrineBundle,PHP,"bundle, doctrine, symfony, symfony-bundle",4782,460,49,339,2405,2010-07-09 10:25:15+02:00,2025-04-02 18:22:50+02:00,996,808,2011-11-17T19:25:50Z,2025-07-07T14:52:58Z,MIT License,False,False
h5py/h5py,h5py,Python,,2146,542,57,254,4708,2008-05-05 20:59:07+00:00,2025-05-09 15:56:42+02:00,983,1289,2012-09-21T00:40:02Z,2025-07-07T21:04:31Z,"BSD 3-Clause ""New"" or ""Revised"" License",False,False
NiaOrg/NiaPy,NiaPy,Python,"hacktoberfest, microframework, nature-inspired-algorithms, optimization-algorithms, python, swarm-intelligence",267,80,10,39,1536,2018-02-06 13:09:25+01:00,2025-01-06 14:14:30+01:00,525,99,2018-02-06T11:25:36Z,2025-07-07T23:59:47Z,MIT License,False,False
unosquare/embedio,embedio,C#,"dotnet, dotnetcore, embedded, http, http-api, http-request, http-requests, http-response, http-rest-api, http-server, mono, raspberry-pi, raspberry-pi-3, routing-strategies, tiny, url-segment, webserver, websocket, websockets",1515,181,66,46,862,2014-11-25 23:24:49-06:00,2025-03-13 14:41:19-06:00,205,329,2014-03-17T17:17:07Z,2025-03-13T20:41:19Z,Other,False,False
NVIDIA/aistore,aistore,Go,"batch-jobs, distributed-shuffle, erasure-coding, etl-offload, kubernetes, linear-scalability, multiple-backends, network-of-clusters, object-storage, sds, software-defined",1550,212,49,67,8995,2017-12-13 17:07:31-08:00,2025-05-15 16:33:37-07:00,108,104,2017-12-14T01:07:30Z,2025-07-09T20:35:31Z,MIT License,False,False
nanostores/nanostores,nanostores,TypeScript,,6331,119,24,52,968,2020-10-14 16:03:14-04:00,2025-05-04 10:28:50+02:00,164,110,2020-10-14T19:51:28Z,2025-06-02T14:13:37Z,MIT License,False,False
ai/size-limit,size-limit,JavaScript,,6738,1805,38,95,1184,2017-06-25 02:18:28-03:00,2025-03-21 15:19:35+01:00,183,174,2017-06-25T05:18:40Z,2025-03-21T14:19:35Z,MIT License,False,False
99designs/gqlgen,gqlgen,Go,"codegen, dataloader, gogenerate, golang, graphql, schema-first, subscriptions",10403,1213,128,450,3187,2016-10-13 00:08:10+02:00,2025-05-12 07:27:08-04:00,1614,1315,2018-02-11T04:54:11Z,2025-07-07T12:20:33Z,MIT License,False,False
frej/fast-export,fast-export,Python,,821,264,32,75,627,2007-01-14 05:16:29-08:00,2025-03-30 13:47:22+02:00,136,187,2011-11-04T18:55:11Z,2025-06-05T14:54:17Z,,False,False
vmagamedov/grpclib,grpclib,Python,"asyncio, grpc, h2, microservices, protobuf, python",964,93,27,19,452,2017-01-24 14:28:00+02:00,2025-05-04 19:21:46+03:00,33,128,2017-01-24T12:27:42Z,2025-07-08T20:09:39Z,"BSD 3-Clause ""New"" or ""Revised"" License",False,False
sql-machine-learning/sqlflow,sqlflow,Go,"ai, databases, deep-learning, machine-learning, sql-syntax, sqlflow, transpiler",5163,705,165,48,2222,2018-10-03 23:05:23-07:00,2022-05-13 09:29:48+08:00,2110,779,2018-10-04T06:00:50Z,2024-04-18T08:08:51Z,Apache License 2.0,False,False
CodFrm/cxmooc-tools,cxmooc-tools,TypeScript,"chrome, plugin",2522,659,22,17,648,2018-01-25 18:25:48+08:00,2021-11-03 09:41:03+08:00,41,181,2018-01-25T10:12:46Z,2022-02-07T04:07:27Z,MIT License,True,False
darukjs/daruk,daruk,TypeScript,"node-framework, nodejs, typescript",928,81,32,29,537,2019-03-12 11:56:17+08:00,2024-02-29 15:20:26+08:00,82,45,2019-03-12T02:19:13Z,2024-02-29T07:20:29Z,MIT License,False,False
apache/mina-sshd,mina-sshd,Java,"apache, java, library, ssh",991,371,41,104,3029,2008-12-04 16:24:17+00:00,2025-05-10 21:19:24+02:00,478,208,2010-05-26T23:38:08Z,2025-06-11T11:52:58Z,Apache License 2.0,False,False
0xsequence/wallet-contracts,wallet-contracts,Solidity,,206,54,13,13,378,2020-03-25 14:18:23-04:00,2024-12-20 21:02:45+13:00,158,24,2020-03-25T18:18:23Z,2024-12-20T08:02:47Z,Other,False,False
mikepenz/AboutLibraries,AboutLibraries,Kotlin,"aboutlibraries, android, android-development, android-library, android-ui, cmp, compose, compose-multiplatform, fragments, kmp, kmp-library, kotlin, kotlin-multiplatform, kotlin-multiplatform-library, libraries, mikepenz, multiplatform, wasm",3953,462,128,156,2666,2014-03-19 16:35:02+01:00,2025-05-13 14:29:26+02:00,643,495,2014-04-22T10:01:06Z,2025-07-04T13:05:22Z,Apache License 2.0,False,False
HandBrake/HandBrake-docs,HandBrake-docs,Shell,"documentation, handbrake",223,92,24,41,1034,1970-01-01 00:00:00+00:00,2025-03-20 07:51:26+01:00,74,142,2016-01-03T14:22:28Z,2025-06-07T08:57:51Z,Creative Commons Attribution Share Alike 4.0 International,False,False
dddjava/jig,jig,Java,,295,23,16,21,5408,2018-02-12 19:12:11+09:00,2025-05-15 23:49:20+09:00,648,308,2018-02-12T10:12:11Z,2025-07-09T14:28:02Z,Apache License 2.0,False,False
leibnitz27/cfr,cfr,Java,,2233,289,51,18,1925,2012-04-04 16:45:15+00:00,2024-07-21 09:03:27+01:00,57,151,2014-05-12T16:39:42Z,2024-07-21T08:03:40Z,MIT License,False,False
RediSearch/redisearch-py,redisearch-py,Python,"redis, redis-client, redis-search, redisearch",221,60,8,34,214,2017-01-10 15:54:36+02:00,2023-02-08 10:30:28+02:00,106,47,2017-01-10T13:54:36Z,2023-02-08T08:30:29Z,"BSD 2-Clause ""Simplified"" License",False,False
libgit2/pygit2,pygit2,Python,"git, python",1660,401,66,258,2380,2010-11-04 13:59:18-07:00,2025-05-07 22:01:09+05:00,670,483,2010-11-08T16:27:48Z,2025-06-23T07:38:30Z,Other,False,False
activeadmin/arbre,arbre,Ruby,"activeadmin, arbre, rails, ruby",782,77,29,50,873,2011-06-03 17:38:59-07:00,2025-05-08 20:03:51+02:00,612,58,2011-06-04T00:36:25Z,2025-07-02T07:18:02Z,MIT License,False,False
tokens-studio/figma-plugin,figma-plugin,TypeScript,"design-tokens, figma, styles, tokens",1457,207,26,67,2052,2020-06-20 19:41:35+02:00,2025-05-12 22:56:03+05:30,1387,1570,2020-05-18T16:43:45Z,2025-07-09T16:41:16Z,MIT License,False,False
janaagaard75/expo-and-typescript,expo-and-typescript,TypeScript,"android, expo, ios, mobile, react-native, typescript",256,39,7,10,604,2017-10-02 09:11:40+02:00,2023-02-04 12:27:09+01:00,62,15,2017-10-02T07:14:24Z,2023-07-10T23:27:47Z,MIT No Attribution,False,False
wang-bin/avbuild,avbuild,Shell,"android, apple-sillicon, bitcode, clang, ffmpeg, ios, libav, libffmpeg, linux, maccatalyst, macos, mingw, msvc, raspberry-pi, uwp, vs2019, windows-phone, windows-xp",616,118,38,2,647,2015-06-17 13:48:04+08:00,2025-05-10 21:03:25+08:00,3,73,2015-06-17T05:48:04Z,2025-07-02T02:52:37Z,GNU Lesser General Public License v3.0,False,False
potato4d/nuxt-basic-auth-module,nuxt-basic-auth-module,JavaScript,"authentication, basic-authentication, javascript, nuxt, nuxt-module, vue, vuejs",311,9,4,11,298,2018-10-04 15:40:50+09:00,2023-03-31 17:10:17+00:00,249,21,2018-10-04T05:42:29Z,2025-07-09T17:37:02Z,MIT License,False,False
calagator/calagator,calagator,Ruby,,446,222,32,84,2787,2008-07-19 23:35:48+00:00,2022-12-13 13:40:27-08:00,458,199,2009-01-11T01:08:17Z,2024-03-26T06:38:53Z,Other,False,False
kriasoft/relay-starter-kit,relay-starter-kit,TypeScript,"api, boilerplate, cloud-run, graphql, graphql-yoga, hackathon, jotai, joy-ui, monorepo, nodejs, postgres, postgresql, pothos, prisma, react, starter-kit, template, terraform, typescript, yarn",3953,561,76,25,380,2016-10-15 19:35:29+03:00,2024-11-10 21:45:44+01:00,0,0,2016-09-30T13:14:17Z,2024-11-10T20:45:45Z,MIT License,False,False
nimiq/core-js,core-js,JavaScript,"cryptocurrency, javascript, nimiq",992,208,95,56,2204,2017-03-25 04:27:48+01:00,2025-01-24 16:09:47-06:00,421,217,2017-05-09T19:33:54Z,2025-01-24T22:09:54Z,Other,True,False
good-idea/sane-shopify,sane-shopify,TypeScript,,212,15,11,6,466,2019-04-02 13:01:23-07:00,2023-01-13 11:46:20-07:00,103,48,2019-05-26T21:30:38Z,2023-01-13T18:46:24Z,MIT License,False,False
JoshKarpel/dis-cli,dis-cli,Python,"bytecode, command-line-tool, dissassembler, python",23,0,2,3,117,2020-09-10 08:32:02-05:00,2023-09-05 06:48:03-05:00,97,3,2020-09-10T13:32:00Z,2023-10-03T02:06:28Z,MIT License,True,False
EasyPost/easypost-php,easypost-php,PHP,,169,57,59,31,652,2013-04-05 14:14:47-06:00,2025-04-30 13:10:37-06:00,278,82,2013-04-05T20:14:13Z,2025-06-18T16:30:30Z,MIT License,False,False
jhackshaw/ofnotes,ofnotes,TypeScript,"dexiejs, jest, notes-app, notetaking, reactjs",126,19,6,3,152,2019-11-02 15:51:08-04:00,2021-11-01 15:40:03-07:00,78,2,2019-11-04T19:59:11Z,2024-10-15T18:15:23Z,MIT License,False,False
google/volley,volley,Java,,3406,754,132,85,2070,2012-11-06 16:04:22-08:00,2025-02-25 08:36:30-08:00,161,270,2017-01-24T17:39:33Z,2025-02-25T16:36:30Z,Apache License 2.0,False,False
react-component/util,util,TypeScript,,652,194,10,47,541,2015-02-11 13:15:00+08:00,2025-02-08 15:03:48+08:00,532,32,2015-02-11T05:14:59Z,2025-06-16T09:57:44Z,MIT License,False,False
storybookjs/react-inspector,react-inspector,TypeScript,,799,99,61,51,373,2015-08-06 02:32:51-07:00,2023-06-06 16:13:44+02:00,113,38,2016-03-22T06:38:46Z,2024-12-10T21:53:53Z,MIT License,False,False
alitajs/alita,alita,JavaScript,"alita, alitajs, keepalive, native, react, umi, umijs",812,91,22,46,1901,2019-04-01 15:39:17+08:00,2025-01-08 16:18:48+08:00,503,161,2019-04-01T02:30:47Z,2025-06-03T06:31:46Z,MIT License,False,False
nroduit/Weasis,Weasis,Java,"dicom, dicom-image, dicom-image-viewer, dicom-images, dicom-pr, dicom-rt, dicom-seg, dicom-viewer, dicom-web-viewer, dicomweb, ecg, export-dicom, medical, medical-imaging, multiplanar-reconstruction, viewer, volume-rendering, weasis",973,320,50,36,3291,2010-10-26 05:51:57+00:00,2025-05-09 11:44:01+02:00,53,453,2012-02-19T08:18:11Z,2025-06-29T05:05:02Z,Other,False,False
jazzband/django-admin2,django-admin2,Python,,1184,151,61,54,1099,2013-05-14 14:12:32+02:00,2021-10-22 17:46:32+02:00,240,194,2013-05-14T12:11:48Z,2022-08-02T11:47:22Z,"BSD 3-Clause ""New"" or ""Revised"" License",False,False
jazzband/django-payments,django-payments,Python,"braintree, django, google-wallet, payments, paypal, python, sagepay, sofort, stripe",1146,283,40,72,907,2010-09-30 16:46:46+02:00,2025-03-16 13:59:51+01:00,247,115,2010-09-30T14:17:47Z,2025-07-07T17:28:33Z,Other,False,False
config4k/config4k,config4k,Kotlin,"config, hocon, kotlin, typesafe-config, wrapper",294,37,6,25,314,2016-11-03 15:40:14+09:00,2025-04-14 14:41:01+03:00,242,74,2016-11-03T06:40:13Z,2025-07-07T16:17:36Z,Apache License 2.0,False,False
boost-ext/ut,ut,C++,"bdd, cpp20, tdd, testing",1348,134,25,63,566,2019-10-13 20:10:21-06:00,2025-04-25 23:17:11+01:00,483,93,2019-10-06T01:33:26Z,2025-07-07T23:22:35Z,Boost Software License 1.0,False,False
sebastianbergmann/code-unit-reverse-lookup,code-unit-reverse-lookup,PHP,,6706,7,4,4,331,2016-02-08 15:24:44-05:00,2025-04-13 09:25:32+02:00,3,1,2016-02-08T20:25:10Z,2025-05-25T06:37:51Z,"BSD 3-Clause ""New"" or ""Revised"" License",False,False
veusz/veusz,veusz,Python,,954,123,39,41,3633,2004-02-19 21:14:34+00:00,2025-05-04 14:36:17+02:00,81,301,2011-02-03T15:13:28Z,2025-06-19T08:51:22Z,GNU General Public License v2.0,False,False
elgorditosalsero/react-gtm-hook,react-gtm-hook,TypeScript,"google-tag-manager, googletagmanager, gtm, hook, react-hook, react-hooks",225,27,3,22,176,2020-05-26 18:34:42+02:00,2023-05-03 17:29:06+02:00,57,23,2020-05-26T16:22:48Z,2024-07-04T06:26:27Z,MIT License,False,False
ainilili/ratel,ratel,Java,"game, landlord, netty4",2187,312,38,26,298,2018-10-16 20:00:52+08:00,2025-01-22 10:13:23+08:00,54,41,2018-10-16T12:00:52Z,2025-01-22T02:13:24Z,Apache License 2.0,False,False
OriginTrail/ot-node,ot-node,JavaScript,"blockchain, decentralized-knowledge-graph, dkg, drag, graphrag, knowledge-graph, neuro-symbolic-ai, node, origintrail, origintrail-node, protocol, rag, retrieval-augmented-generation, trac",220,81,33,48,4956,2021-12-27 10:34:54+01:00,2025-05-15 12:23:47+02:00,3591,266,2018-02-01T18:29:15Z,2025-07-09T15:06:36Z,Apache License 2.0,False,False
cpprefjp/site,site,,"c-plus-plus, document, japanese, language-learning, library-learning, reference",408,169,77,182,11165,2013-03-13 04:19:25-07:00,2025-05-16 00:36:43+09:00,432,954,2013-03-13T11:19:24Z,2025-07-09T14:17:51Z,Creative Commons Attribution 4.0 International,False,False
rstudio/profvis,profvis,JavaScript,,311,38,47,19,627,2015-09-02 15:17:10-05:00,2024-09-20 12:20:01-05:00,0,0,2015-09-18T18:01:49Z,2024-09-20T17:25:32Z,Other,False,False
ffftp/ffftp,ffftp,C++,"cpp, ftp, windows",556,47,30,12,1300,2011-09-01 13:44:19+09:00,2024-05-27 07:44:54+09:00,246,109,2017-12-29T06:44:37Z,2024-05-26T22:44:55Z,"BSD 2-Clause ""Simplified"" License",False,False
circus-tent/circus,circus,Python,,1566,260,48,182,3053,2012-02-07 17:57:44-08:00,2025-02-10 23:47:52+01:00,558,483,2012-02-08T01:54:21Z,2025-02-10T22:49:04Z,Other,False,False
spatie/async,async,PHP,"async, await, performance, php",2741,183,37,47,322,2017-12-14 07:10:05+01:00,2025-04-22 09:31:17+02:00,87,149,2017-12-14T09:16:35Z,2025-06-05T11:19:35Z,MIT License,False,False
ical4j/ical4j,ical4j,Java,"icalendar, java, library, scheduling",794,209,40,84,3498,2004-10-31 13:37:53+00:00,2025-03-18 10:07:31+11:00,293,292,2013-09-03T03:52:25Z,2025-07-04T01:43:12Z,"BSD 3-Clause ""New"" or ""Revised"" License",False,False
KryptonMC/Krypton,Krypton,Kotlin,"kotlin, krypton, minecraft, minecraft-server",249,13,7,9,857,2020-04-14 11:45:55+01:00,2023-05-01 20:13:13+01:00,50,33,2020-04-14T10:45:34Z,2023-09-27T17:11:57Z,Apache License 2.0,True,False
rjrjr/compose-backstack,compose-backstack,Kotlin,"android, compose, jetpack-compose, kotlin",512,23,12,4,123,2020-03-22 23:15:47-07:00,2022-08-12 11:22:58-07:00,41,12,2020-03-23T05:40:04Z,2023-02-20T21:15:17Z,Other,False,False
netless-io/flat,flat,TypeScript,"agora, agora-flat, cloud-recording, e-class, e-learning, electron, flat, online-classroom, virtual-classroom, whiteboard",5921,835,76,36,2670,2020-08-26 10:21:54+08:00,2025-03-25 17:53:34+08:00,2028,93,2020-08-26T02:21:53Z,2025-07-07T08:13:27Z,MIT License,False,False
immutables/immutables,immutables,Java,"annotation-processor, builder, gson, guava, immutable-collections, immutable-datastructures, immutable-objects, immutables, jackson, java",3500,282,87,107,2671,2013-07-07 06:48:23-07:00,2025-05-02 08:56:40+01:00,340,756,2013-07-07T13:48:23Z,2025-07-09T18:50:51Z,Apache License 2.0,False,False
KaustubhPatange/Moviesy,Moviesy,Kotlin,"android, cast, hilt-android, jetpack-navigation, jetpack-workmanager, kotlin, kotlin-dsl, movies, mvvm-architecture, subtitles-downloader, tmdb-api, torrent, torrent-client, yts-api",249,36,10,2,261,2020-03-20 15:57:50+05:30,2022-12-10 17:17:52+05:30,3,20,2020-03-20T10:26:51Z,2022-12-26T09:43:45Z,Apache License 2.0,False,False
GIScience/openpoiservice,openpoiservice,Python,"giscience, openstreetmap, openstreetmap-data, openstreetmap-protobuffer-format",179,22,16,19,260,2018-01-30 17:21:51+01:00,2024-02-21 09:35:50+01:00,79,35,2018-01-30T16:21:50Z,2025-06-26T14:23:49Z,Apache License 2.0,False,False
skydoves/sandwich,sandwich,Kotlin,"android, api, apiresponse, datasource, kotlin, network, retrofit, skydoves",1673,108,15,14,1035,2020-05-05 13:45:17+09:00,2025-05-15 19:53:03+00:00,407,50,2020-05-05T04:45:16Z,2025-07-08T02:01:29Z,Apache License 2.0,False,False
lc-soft/LCUI,LCUI,C,"c, cross-platform-gui, gui-framework, gui-toolkit, windows",4249,370,152,26,3612,2012-08-04 15:13:18+08:00,2025-04-30 18:54:20+08:00,81,216,2012-08-04T07:09:40Z,2025-04-30T10:54:31Z,MIT License,False,False
mozilla/DeepSpeech,DeepSpeech,C++,"deep-learning, deepspeech, embedded, machine-learning, neural-networks, offline, on-device, speech-recognition, speech-to-text, tensorflow",26521,4067,674,175,3466,2016-02-22 12:08:37+01:00,2021-11-17 18:52:52+01:00,1654,1986,2016-06-02T15:04:53Z,2025-06-19T12:52:51Z,Mozilla Public License 2.0,True,False
KnpLabs/KnpMenuBundle,KnpMenuBundle,PHP,"bundle, menu-generator, php, symfony, symfony-bundle",1409,204,54,102,660,2010-08-10 14:45:24+02:00,2025-05-13 13:33:58+02:00,230,247,2010-08-10T12:46:57Z,2025-06-16T07:04:46Z,MIT License,False,False
videojs/videojs-contrib-dash,videojs-contrib-dash,JavaScript,"mpeg-dash-playback, video, videojs",297,129,43,30,210,2015-07-07 13:24:46-07:00,2023-05-24 21:02:28+01:00,194,134,2015-07-07T20:24:45Z,2023-05-24T20:02:29Z,Apache License 2.0,False,False
mikepenz/MaterialDrawer,MaterialDrawer,Kotlin,"android, android-development, android-library, android-ui, drawer, drawer-support, drawerlayout, hacktoberfest, java, material-components, material-design, material-theme, material-ui, materialdrawer, mikepenz, navigation-drawer",11662,2043,329,119,2554,2014-03-15 14:54:43+01:00,2025-02-02 11:10:32+01:00,281,2531,2015-01-31T17:37:10Z,2025-02-02T10:10:46Z,Apache License 2.0,False,False
vuejs/vue-jest,vue-jest,JavaScript,"jest, jest-vue, vue-jest",757,157,19,84,521,2017-09-02 19:20:31+01:00,2024-01-30 07:59:49+10:00,240,196,2017-09-02T18:20:22Z,2024-01-29T21:59:49Z,MIT License,False,False
testing-library/testing-playground,testing-playground,JavaScript,"a11y, browser-extension, embeddable, nodejs, saas, testing",807,69,13,25,304,2020-05-18 14:44:59+02:00,2023-06-09 10:21:41+02:00,261,80,2020-05-18T12:13:05Z,2025-07-04T08:43:40Z,MIT License,False,False
thephpleague/uri,uri,PHP,"parse-url, php, psr-7, rfc-3986, rfc-3987, rfc-6570, uri, uri-parser, uri-template",1083,67,15,53,1520,2013-11-19 04:22:19-08:00,2025-05-13 16:02:04+02:00,133,0,2015-07-14T19:37:30Z,2025-06-10T06:48:40Z,MIT License,False,False
rpearce/react-medium-image-zoom,react-medium-image-zoom,TypeScript,"hacktoberfest, image-zoom, medium, props, react, react-images, reactjs, typescript, zoom, zoom-images, zoomable",2006,105,10,31,1609,2016-07-13 19:15:50+01:00,2025-05-15 14:33:44+12:00,642,206,2016-07-13T18:15:49Z,2025-07-04T20:17:02Z,"BSD 3-Clause ""New"" or ""Revised"" License",False,False
camunda/camunda-external-task-client-js,camunda-external-task-client-js,JavaScript,"camunda, nodejs",225,94,25,30,282,2018-02-21 14:21:24+01:00,2025-02-18 10:58:50+01:00,263,0,2018-02-21T13:21:23Z,2025-06-25T18:33:18Z,Apache License 2.0,False,False
amilajack/eslint-plugin-flowtype-errors,eslint-plugin-flowtype-errors,JavaScript,"eslint, flow, plug",403,32,2,22,339,2016-08-19 20:05:17-07:00,2021-11-15 19:27:41-08:00,207,57,2016-08-20T03:04:43Z,2022-03-26T15:18:51Z,MIT License,False,False
twbs/stylelint-config-twbs-bootstrap,stylelint-config-twbs-bootstrap,JavaScript,"bootstrap, bootstrap-4, bootstrap-5, css, sass, scss, stylelint, stylelint-config",157,34,8,8,351,2018-12-30 18:39:03+02:00,2025-04-01 17:07:04+03:00,265,27,2018-12-30T15:27:51Z,2025-07-01T13:36:00Z,MIT License,False,False
showwin/speedtest-go,speedtest-go,Go,"cli, go, network, speedtest",667,124,7,28,391,2015-10-19 11:22:38+09:00,2025-02-21 16:07:45+08:00,157,72,2015-10-19T02:22:38Z,2025-02-21T08:07:45Z,MIT License,False,False
fumeapp/laranuxt,laranuxt,PHP,"laravel, mdi, metapi, nuxt, nuxt-boilerplate, purgecss, stylus, tailwindcss, vuejs",696,138,12,11,478,2018-12-22 04:41:17-06:00,2024-06-11 11:02:46-04:00,96,21,2018-12-22T09:29:12Z,2024-12-10T00:52:11Z,,False,False
cgriego/active_attr,active_attr,Ruby,"activemodel, models, rails",1197,90,18,27,375,2011-09-29 23:47:08-05:00,2024-12-26 14:50:34-08:00,67,92,2011-09-29T20:14:06Z,2024-12-26T22:50:34Z,MIT License,False,False
HazyResearch/fonduer,fonduer,Python,"knowledge-base-construction, machine-learning, multimodality",410,78,26,22,1397,2017-04-05 18:05:39-07:00,2021-06-22 18:24:40-07:00,367,163,2018-02-02T22:03:13Z,2021-06-23T01:24:52Z,MIT License,False,False
spatie/crawler,crawler,PHP,"concurrency, crawler, guzzle, php",2635,363,66,83,472,2015-11-02 20:01:32+01:00,2025-04-15 18:01:04+02:00,260,164,2015-11-02T16:22:09Z,2025-06-05T11:20:59Z,MIT License,False,False
spatie/laravel-export,laravel-export,PHP,,610,61,15,40,258,2019-03-18 21:38:13+01:00,2025-05-12 17:08:17+00:00,84,0,2019-03-18T20:38:19Z,2025-06-16T17:51:06Z,MIT License,False,False
beberlei/assert,assert,PHP,,2424,186,56,84,554,2012-05-18 09:39:39+02:00,2024-07-15 15:18:35+02:00,218,83,2012-05-20T20:24:17Z,2024-10-30T13:23:18Z,Other,False,False
haveno-dex/haveno,haveno,Java,"cryptocurrency, decentralized, exchange, haveno, java, monero, p2p, peer-to-peer, tor",1201,144,48,57,1709,2021-05-04 20:20:01-04:00,2025-05-12 17:27:39-04:00,1173,394,2020-02-24T23:10:03Z,2025-07-09T10:55:26Z,GNU Affero General Public License v3.0,False,False
stackrox/kube-linter,kube-linter,Go,"hactoberfest, helm-charts, kubernetes, static-analysis, yaml-files",3216,250,36,86,628,2020-08-13 10:05:38-07:00,2025-05-07 17:24:04+00:00,707,140,2020-08-13T17:05:00Z,2025-07-09T16:39:42Z,Apache License 2.0,False,False
helloflask/bootstrap-flask,bootstrap-flask,SCSS,"bootstrap, bootstrap-flask, bootstrap4, bootstrap5, flask, flask-bootstrap, flask-sqlalchemy, flask-wtf, jinja2, python, wtforms",1168,193,28,39,595,2018-02-10 17:06:05+08:00,2025-05-06 11:49:36+02:00,190,141,2018-02-10T09:06:04Z,2025-06-19T04:32:40Z,Other,False,False
loco-3d/crocoddyl,crocoddyl,C++,"code-generation, conda, crocoddyl, differential-dynamic-programming, legged-robotics, model-predictive-control, motion-planning, optimal-control, robotics, ros, trajectory-optimization",1007,190,26,66,6437,2018-04-03 11:37:31+02:00,2025-05-13 10:32:57+01:00,512,832,2019-06-04T11:46:13Z,2025-07-08T05:54:19Z,"BSD 3-Clause ""New"" or ""Revised"" License",False,False
hmlendea/gfn-electron,gfn-electron,JavaScript,"electron, flatpak, game-streaming, geforcenow, linux, linux-gaming, nvidia, snap",600,78,15,27,435,2020-08-19 12:17:11+03:00,2025-04-15 11:28:41+00:00,129,108,2020-08-19T09:17:10Z,2025-06-12T17:01:19Z,GNU General Public License v3.0,False,False
C2FO/vfs,vfs,Go,,342,35,25,31,246,2017-08-07 16:40:51-05:00,2025-05-05 01:07:52-05:00,167,78,2017-08-01T18:06:14Z,2025-07-08T21:53:35Z,MIT License,False,False
estruyf/vscode-front-matter,vscode-front-matter,TypeScript,"cms, content-management, content-management-system, hacktoberfest, markdown, static-site, static-site-generator, vscode, vscode-extension",2246,90,15,23,2072,2019-08-23 17:46:23+02:00,2025-04-16 11:25:12+02:00,134,646,2019-08-23T15:44:41Z,2025-07-03T18:18:02Z,MIT License,False,False
MichaelSolati/geofirestore-js,geofirestore-js,TypeScript,"firebase, firebase-firestore, firestore, geofire, geofirestore, geohashing, geolocation, geoquery",509,58,15,36,818,2013-09-25 16:31:48-07:00,2023-10-27 13:18:02-07:00,62,174,2018-03-11T07:49:32Z,2025-06-30T00:36:05Z,MIT License,False,False
flobz/psa_car_controller,psa_car_controller,Python,"2008, 208, api, citroen, connected-car, corsa-e, ds, e-208, home-assistant, home-automation, opel, peugeot, psa, psacc, vauxhall",482,287,36,102,903,2020-11-15 09:18:50+01:00,2025-04-09 18:10:06+02:00,257,498,2020-11-15T08:18:49Z,2025-06-23T06:02:14Z,GNU General Public License v3.0,False,False
mattallty/Caporal.js,Caporal.js,TypeScript,"argument-parser, argument-parsing, argv, argv-parser, autocomplete, bash, caporal, cli, cli-app, command-line, command-line-parser, node, node-js, nodejs, shell-script, terminal, typos-suggestions, winston, zsh",3450,96,34,43,290,2017-02-15 14:04:24+01:00,2023-08-28 15:19:08+00:00,130,103,2017-02-08T22:06:55Z,2024-01-03T21:58:32Z,MIT License,False,False
Serverless-Devs/Serverless-Devs,Serverless-Devs,TypeScript,"alibaba-serverless, aws-serverless, azure-serverless, baidu-serverless, google-serverless, huawei-serverless, serverless, serverless-devs, serverless-devs-tool, serverless-framework, serverless-tool, tencent-serverless",1760,163,32,53,1933,2020-10-21 23:01:52+08:00,2025-05-13 11:48:56+00:00,334,441,2020-10-21T15:00:37Z,2025-06-18T07:59:51Z,Apache License 2.0,False,False
evilmartians/lefthook,lefthook,Go,"git, go, golang, hacktoberfest, hooks, lefthook, manager",6193,237,27,109,969,2019-02-05 17:02:45+03:00,2025-05-14 14:50:04+03:00,528,356,2019-02-05T14:00:56Z,2025-07-09T08:38:46Z,MIT License,False,False
komamitsu/fluency,fluency,Java,"aws-s3, fluentd, logger, s3, treasuredata",156,34,5,20,968,2015-09-14 01:28:57+09:00,2024-12-05 11:10:46+09:00,850,66,2015-09-27T16:42:26Z,2025-02-26T04:45:15Z,Apache License 2.0,False,False
linkchecker/linkchecker,linkchecker,Python,"http, link-checker, tools, web, www",960,157,13,63,7189,2000-02-26 10:24:46+00:00,2025-04-07 19:34:33+01:00,495,255,2017-01-31T15:46:03Z,2025-04-07T18:34:33Z,GNU General Public License v2.0,False,False
linlinjava/litemall,litemall,Java,"litemall, mall, spring-boot, vue, wechat, wechat-mini-program",19791,7310,730,76,1189,2018-03-23 00:20:50+08:00,2025-01-04 19:44:27+08:00,183,332,2018-03-22T16:42:30Z,2025-01-04T11:44:29Z,MIT License,False,False
filhodanuvem/gitql,gitql,Go,"git, go, hacktoberfest",6303,163,93,32,318,2014-02-16 23:53:53-03:00,2024-06-14 23:38:58+01:00,144,64,2014-02-17T02:19:11Z,2024-10-14T14:32:41Z,MIT License,False,False
wessberg/rollup-plugin-ts,rollup-plugin-ts,TypeScript,"babel, browserslist, bundling, declaration, declarations, flattening, plugin, rollup, typescript",496,33,9,13,863,2018-03-30 00:24:52+02:00,2024-09-30 22:49:04+02:00,34,154,2018-03-29T22:24:25Z,2024-09-30T20:49:07Z,MIT License,False,False
aeternity/aepp-sdk-js,aepp-sdk-js,TypeScript,"aeternity, blockchain, browser, devtools, js, nodejs, sdk",120,60,18,54,3775,2018-02-07 18:43:13+01:00,2025-04-30 00:07:29+03:00,1365,610,2018-02-09T18:05:18Z,2025-05-01T16:24:05Z,ISC License,False,False
pgmpy/pgmpy,pgmpy,Python,"bayesian-networks, causal-discovery, causal-identification, causal-inference, causal-models, causal-validation, mixed-data, probabilistic-inference, python, simulation, synthetic-data",2995,860,75,150,3156,2013-09-20 01:18:58-07:00,2025-05-15 10:45:37+02:00,1018,727,2013-09-20T08:18:58Z,2025-07-07T03:58:02Z,MIT License,False,False
rozbo/blog,blog,JavaScript,"blog-lite, typescript, vue, vuejs",147,15,5,4,158,2016-10-22 19:25:33+08:00,2022-02-26 18:18:57+08:00,0,0,2016-10-22T11:25:07Z,2023-10-08T10:13:24Z,Do What The F*ck You Want To Public License,False,False
facebook/metro,metro,JavaScript,"bundler, javascript, react-native",5414,660,99,509,4743,2015-01-29 17:10:49-08:00,2025-05-15 15:10:02-07:00,678,375,2016-12-14T23:02:54Z,2025-07-09T19:11:10Z,MIT License,False,False
graphia-app/graphia,graphia,C++,"analysis, data, data-analysis, data-science, data-visualization, graphs, interpretation, networks, visualisation, visualization",251,22,8,3,7076,2013-07-31 17:17:09+01:00,2025-05-03 17:22:34+01:00,10,33,2020-05-02T14:45:55Z,2025-07-04T11:00:14Z,,False,False
adlered/bolo-solo,bolo-solo,Java,"b3log, blog, bolo, bolo-solo, docker, java, solo, tomcat",1303,207,16,18,1315,2019-11-28 21:28:16+08:00,2025-05-15 23:41:36+08:00,0,0,2019-11-28T13:27:48Z,2025-06-10T12:35:18Z,GNU Affero General Public License v3.0,False,False
igorw/evenement,evenement,PHP,,1317,74,31,19,204,2011-08-16 21:39:40+02:00,2024-12-28 19:30:43+01:00,66,22,2011-08-16T19:14:57Z,2024-12-28T18:30:43Z,MIT License,False,False
Electroid/SportPaper,SportPaper,Shell,"bukkit, java, minecraft, paper",213,78,21,26,138,2018-08-03 23:36:33-07:00,2024-07-20 11:44:14-07:00,65,58,2018-08-03T09:49:01Z,2025-07-04T04:27:39Z,Other,False,False
itzg/docker-minecraft-bedrock-server,docker-minecraft-bedrock-server,Shell,"docker-image, hacktoberfest, minecraft",1450,264,25,48,190,2019-07-09 21:02:37-05:00,2025-05-03 11:58:13-05:00,123,208,2019-07-10T02:01:14Z,2025-06-30T00:52:53Z,MIT License,False,False
mobizt/Firebase-ESP8266,Firebase-ESP8266,C,"arduino, arduino-library, completed, custom-token, database, email-password-login, esp8266, esp8266-arduino, fastest, firebase, firebase-database, firebase-realtime-database, oauth2-authentication, reliable, rp2040, rsa256, secure, secured, stream",420,111,19,2,368,2019-01-27 23:34:54+07:00,2025-01-09 10:24:11+07:00,7,0,2019-01-27T16:31:52Z,2025-01-09T03:24:22Z,MIT License,False,False
TyMaszWeb/django-cookie-law,django-cookie-law,Python,,140,69,8,23,133,2013-04-07 17:14:39+02:00,2022-03-11 11:10:32+01:00,51,16,2013-04-07T15:06:32Z,2022-09-25T13:18:47Z,"BSD 2-Clause ""Simplified"" License",False,False
zussel/matador,matador,C++,"c-plus-plus, cmake, cplusplus, cpp, database, http, http-client, http-server, json, mariadb, mssql, multiplatform, mysql, orm, postgresql, sqlite, storage",64,23,8,10,3581,2011-07-21 22:48:17+02:00,2024-01-15 19:34:56+01:00,42,103,2011-07-21T20:49:54Z,2024-12-21T07:34:30Z,GNU General Public License v3.0,False,False
target/goalert,goalert,Go,,2457,259,33,88,12923,2019-06-03 12:31:23-05:00,2025-05-07 09:17:33-05:00,3827,370,2019-05-24T16:46:20Z,2025-07-09T21:20:35Z,Apache License 2.0,False,False
wireservice/agate,agate,Python,,1185,154,40,57,1562,2014-04-24 15:23:36-05:00,2025-02-27 14:54:56-05:00,132,645,2014-04-25T13:59:09Z,2025-06-10T04:03:40Z,MIT License,False,False
CocoaPods/Xcodeproj,Xcodeproj,Ruby,,2398,472,47,182,2261,2011-11-10 21:40:12-07:00,2024-10-31 10:13:08-07:00,463,335,2011-11-07T10:59:27Z,2024-10-31T17:13:08Z,MIT License,False,False
LKI/chinese-calendar,chinese-calendar,Python,"calendar, chinese-calendar, chinese-holiday, holidays, public-holidays, python, workdays",1202,196,27,14,169,2017-06-02 20:22:29+08:00,2024-11-13 13:42:02+08:00,36,64,2017-06-04T08:41:18Z,2024-11-13T05:42:15Z,MIT License,False,False
knuckleswtf/scribe,scribe,PHP,,2064,345,15,245,2605,2016-05-03 22:21:20+02:00,2025-05-01 03:14:54+02:00,277,611,2020-05-02T16:36:45Z,2025-06-30T21:32:53Z,MIT License,False,False
awtrix/AWTRIX2.0-Controller,AWTRIX2.0-Controller,C++,,383,132,27,9,205,2019-02-06 19:53:35+01:00,2023-06-09 19:19:46+02:00,16,34,2019-02-06T18:46:57Z,2023-10-23T20:03:41Z,Other,True,False
docker/go-connections,go-connections,Go,,224,102,18,145,8480,2013-01-18 16:13:39-08:00,2025-05-14 12:59:35+02:00,98,15,2015-12-17T20:51:16Z,2025-07-01T10:15:41Z,Apache License 2.0,False,False
mglaman/drupalorg-cli,drupalorg-cli,PHP,"cli, drupal",129,32,3,17,306,2016-02-13 12:04:05-06:00,2023-06-20 22:40:25-05:00,153,35,2016-02-13T18:01:06Z,2024-01-27T16:57:02Z,,False,False
spatie/laravel-webhook-client,laravel-webhook-client,PHP,"laravel, webhooks",1106,157,7,52,269,2019-06-11 17:30:00+01:00,2025-04-22 09:32:52+02:00,88,94,2019-06-11T15:19:12Z,2025-06-27T16:02:43Z,MIT License,False,False
Erudika/para,para,Java,"api, api-server, baas, back-end, backend, backend-api, backend-as-a-service, backend-server, backend-service, java, json-api, modular, para, rapid-prototyping, rest-api, search-engine, self-hosted, serverless, standalone-server",545,148,27,20,1914,2013-07-15 22:02:06+03:00,2025-05-13 13:45:44+03:00,216,72,2014-03-09T22:31:26Z,2025-06-16T08:21:39Z,Apache License 2.0,False,False
data-uri/datauri,datauri,TypeScript,"base64, cli, css, data-uri, inline, metadata, optimization",229,19,6,10,154,2012-09-11 15:17:51-07:00,2021-08-22 05:55:41-07:00,23,15,2012-09-11T22:17:50Z,2025-06-15T14:46:18Z,Other,False,False
kpfromer/nestjs-typegoose,nestjs-typegoose,TypeScript,"mongoose, nest, nestjs, nestjs-typegoose, typegoose, typescript",288,73,7,18,539,2018-04-15 21:55:54-04:00,2021-08-14 15:43:52-06:00,335,53,2018-04-16T01:55:53Z,2025-06-07T02:47:31Z,MIT License,False,False
Netflix/photon,photon,Java,,242,78,402,35,869,2015-12-09 17:15:39-08:00,2024-11-20 10:05:36-08:00,278,72,2015-12-09T19:09:07Z,2025-03-28T21:38:49Z,Apache License 2.0,False,False
Netflix/dyno,dyno,Java,,186,95,410,50,608,2014-03-26 14:23:42-07:00,2021-08-17 11:45:12-07:00,217,45,2014-03-26T21:23:42Z,2024-12-10T22:28:38Z,Apache License 2.0,False,False
Netflix/metacat,metacat,Java,,1659,289,399,36,603,2016-03-19 13:17:58-07:00,2025-05-12 10:25:02-07:00,570,21,2016-03-19T20:06:34Z,2025-07-02T17:32:01Z,Apache License 2.0,False,False
gtimelog/gtimelog,gtimelog,Python,,262,78,18,41,1151,2004-09-08 16:50:39+00:00,2025-01-20 14:05:23+02:00,73,128,2013-11-27T08:17:17Z,2025-01-20T12:06:39Z,GNU General Public License v2.0,False,False
keremvaris/Sennedjem,Sennedjem,C#,,212,34,36,5,267,2020-01-30 16:36:30+03:00,2021-01-02 23:52:50+03:00,8,0,2020-01-30T12:40:15Z,2021-08-25T14:53:52Z,MIT License,False,False
vercel-community/deno,deno,TypeScript,,572,24,6,14,316,2020-05-24 20:54:09-07:00,2024-12-18 11:17:39-08:00,122,33,2020-05-25T03:55:02Z,2025-06-15T02:13:31Z,MIT License,False,False
preactjs/preact-router,preact-router,JavaScript,"preact, preact-components, preact-router, router",1040,156,14,61,293,2015-11-18 21:50:03-05:00,2024-06-23 18:55:39-05:00,231,146,2015-11-19T01:04:24Z,2024-07-29T18:35:53Z,MIT License,False,False
HiddenRamblings/TagMo,TagMo,JavaScript,"amiibo, nfc",3071,388,137,29,2201,2016-01-31 21:44:24+00:00,2025-05-13 11:43:59-04:00,88,645,2016-02-01T23:48:36Z,2025-06-20T09:59:59Z,GNU General Public License v3.0,False,False
lyft/presto-gateway,presto-gateway,JavaScript,lyft,358,156,420,39,303,2018-09-21 15:20:10-07:00,2024-07-25 17:06:52-04:00,133,32,2018-09-21T22:18:02Z,2024-07-25T21:06:53Z,Apache License 2.0,False,False
yiisoft/yii2-swiftmailer,yii2-swiftmailer,PHP,"email, hacktoberfest, mail, mailer, swiftmailer, yii, yii2",116,72,26,145,4658,2011-04-14 09:05:15-04:00,2025-02-13 23:56:21+03:00,35,72,2013-11-08T03:38:16Z,2025-02-13T20:56:25Z,"BSD 3-Clause ""New"" or ""Revised"" License",False,False
svg-sprite/gulp-svg-sprite,gulp-svg-sprite,JavaScript,,650,43,12,17,170,2014-12-27 17:06:54+01:00,2025-02-20 19:40:30+02:00,49,93,2014-12-30T15:50:59Z,2025-02-20T17:40:33Z,MIT License,False,False
xmartlabs/android-snapshot-publisher,android-snapshot-publisher,Kotlin,"android, android-development, android-snapshot-publisher, ci, deploy, firebase, firebase-app-distribution, google-playstore, gradle-plugin, gradle-tasks, hacktoberfest, preparation-process, release-automation, snapshot, snapshots",145,6,15,4,66,2019-01-16 11:12:16-03:00,2022-02-01 11:49:05-03:00,66,7,2019-01-16T14:12:15Z,2024-06-10T18:17:15Z,MIT License,False,False
4refr0nt/ESPlorer,ESPlorer,Java,,1241,325,117,22,107,2014-12-29 22:14:49+05:00,2024-07-03 00:54:20+03:00,32,21,2014-12-29T17:14:49Z,2024-07-02T21:54:20Z,GNU General Public License v2.0,False,False
ralfstuckert/pdfbox-layout,pdfbox-layout,Java,,159,71,17,3,290,2016-03-19 09:29:30+01:00,2021-10-22 17:33:19+02:00,1,43,2016-03-19T08:29:30Z,2021-10-22T15:33:20Z,MIT License,False,False
MadDeCoDeR/Classic-RBDOOM-3-BFG,Classic-RBDOOM-3-BFG,C++,"doom, doom-2, doom-mod, doom2, doom2d, doom3",227,23,15,52,2565,2012-11-26 09:22:41-08:00,2025-05-15 23:35:00+03:00,30,89,2017-04-04T08:48:51Z,2025-07-08T20:47:27Z,GNU General Public License v3.0,False,False
apache/servicecomb-java-chassis,servicecomb-java-chassis,Java,servicecomb,1927,824,131,183,4534,2017-05-18 06:23:32-04:00,2025-05-08 16:27:28+08:00,3314,1313,2017-05-18T09:29:30Z,2025-07-09T03:30:31Z,Apache License 2.0,False,False
openhab/openhab-core,openhab-core,Java,"home-automation, internet-of-things, iot, java, openhab",1031,448,56,150,2842,2015-12-26 23:22:23+01:00,2025-05-11 13:12:47+02:00,3018,1349,2015-12-20T21:23:20Z,2025-07-09T18:53:38Z,Eclipse Public License 2.0,False,False
MightyCreak/mesamatrix,mesamatrix,PHP,,124,31,9,30,578,2014-08-23 10:34:17-04:00,2025-02-23 15:49:12+01:00,167,129,2014-08-23T14:34:17Z,2025-05-24T19:21:21Z,GNU Affero General Public License v3.0,False,False
geany/geany,geany,C,"geany, ide, text-editor",3332,625,94,265,10584,2005-11-22 11:51:30+00:00,2025-05-16 00:37:44+02:00,1456,1405,2011-10-07T14:25:32Z,2025-07-06T14:38:19Z,GNU General Public License v2.0,False,False
nemuTUI/nemu,nemu,C,"ncurses-ui, qemu, tui",417,24,10,25,1851,2014-03-06 17:59:12+04:00,2025-04-23 15:10:03+03:00,71,103,2019-11-15T11:40:27Z,2025-06-23T08:48:05Z,"BSD 2-Clause ""Simplified"" License",False,False
reactjs/tr.reactjs.org,tr.reactjs.org,TypeScript,,169,175,13,2315,8906,2013-05-29 12:54:02-07:00,2025-05-15 10:49:24-04:00,0,0,2019-02-13T21:47:44Z,2025-07-07T21:50:31Z,Creative Commons Attribution 4.0 International,False,False
joncampbell123/dosbox-x,dosbox-x,C,,3141,427,103,190,20157,2013-07-07 20:39:49-07:00,2025-05-16 07:36:34+09:00,1611,2086,2014-05-17T07:34:15Z,2025-06-25T13:00:15Z,GNU General Public License v2.0,False,False
doctrine/phpcr-odm,phpcr-odm,PHP,,182,99,12,104,2673,2010-12-06 10:54:08+01:00,2025-03-24 06:40:23+01:00,636,174,2011-02-10T21:22:18Z,2025-03-24T05:40:23Z,MIT License,False,False
algoan/nestjs-components,nestjs-components,TypeScript,"components, lerna, nestjs, nodejs, typescript",253,40,9,23,730,2020-03-30 15:03:17+02:00,2025-03-19 11:33:19+01:00,879,25,2020-03-30T12:51:38Z,2025-07-02T04:26:00Z,,False,False
Haehnchen/idea-php-laravel-plugin,idea-php-laravel-plugin,Java,"blade, intellij, intellij-plugin, java, jetbrains, laravel, php, phpstorm, phpstorm-plugin, symfony",574,110,23,13,334,2014-08-14 19:10:09+02:00,2021-12-13 18:32:53+01:00,61,115,2014-08-14T16:38:46Z,2021-12-13T17:32:53Z,MIT License,True,False
pnnl/HyperNetX,HyperNetX,Python,"hypergraph, hypergraphs, knowledge-graph, property-hypergraphs, python, s-linegraph, simplicial-complexes, simplicial-homology",626,104,19,28,1768,2018-10-22 10:21:30-07:00,2025-04-17 01:43:04+00:00,99,58,2018-10-22T15:10:44Z,2025-04-17T01:58:39Z,Other,False,False
percona/percona-backup-mongodb,percona-backup-mongodb,Go,"backup, mongodb, mongodb-backup, pbm, percona-backup",284,97,51,59,2294,2018-07-04 10:56:49-03:00,2025-05-15 15:05:35+02:00,1118,0,2018-06-28T13:38:35Z,2025-07-08T12:06:15Z,Apache License 2.0,False,False
robbievanleeuwen/section-properties,section-properties,Python,"computational-mechanics, cross-section, finite-element-analysis, finite-element-method, python, stress-analysis, structural-engineering",479,109,36,21,1458,2017-09-24 13:16:40+02:00,2025-05-01 23:51:31+10:00,353,124,2017-09-24T11:16:40Z,2025-05-01T13:51:34Z,MIT License,False,False
FujiNetWIFI/fujinet-platformio,fujinet-platformio,C,"8bit, adam, atari, esp-idf, esp32",249,76,29,59,7154,2019-11-03 15:47:13-06:00,2025-05-14 16:37:01-05:00,0,0,2019-11-03T21:48:00Z,2025-07-06T02:38:17Z,GNU General Public License v3.0,False,False
PyCQA/flake8-pyi,flake8-pyi,Python,"flake8, lint, linter, linter-plugin, mypy, pep484, python, stub-files, type-checking, typing",77,23,10,22,393,2016-12-21 00:29:31-08:00,2025-04-07 23:05:51+01:00,364,124,2016-12-21T08:28:28Z,2025-07-07T21:49:08Z,MIT License,False,False
mauricioaniche/ck,ck,Java,"code-metrics, metrics, software-engineering, static-analysis",409,158,16,29,519,2015-10-05 08:13:12-03:00,2024-04-19 09:24:22+01:00,60,36,2015-10-05T11:13:34Z,2024-08-20T13:30:52Z,Apache License 2.0,False,False
fitnr/censusgeocode,censusgeocode,Python,,76,28,4,7,100,2015-04-13 12:07:15-04:00,2024-05-13 13:13:05-04:00,10,18,2015-04-13T16:03:17Z,2025-04-06T19:38:35Z,GNU General Public License v3.0,False,False
jenkinsci/dingtalk-plugin,dingtalk-plugin,Java,"dingtalk, jenkins, robot",360,181,11,16,349,2016-08-23 13:28:17+08:00,2025-05-14 21:24:36+08:00,185,136,2016-10-30T22:37:50Z,2025-07-09T15:49:48Z,MIT License,False,False
fgnt/pb_bss,pb_bss,Python,"beamforming, bss, em-algorithm, multi-channel, source-separation, speech-enhancement, speech-processing",288,61,12,29,701,2015-07-28 12:14:12+02:00,2024-11-04 16:09:03+01:00,27,9,2017-06-05T07:11:09Z,2025-05-19T09:09:42Z,MIT License,False,False
huggingface/transformers,transformers,Python,"audio, deep-learning, deepseek, gemma, glm, hacktoberfest, llm, machine-learning, model-hub, natural-language-processing, nlp, pretrained-models, python, pytorch, pytorch-transformers, qwen, speech-recognition, transformer, vlm",146713,29591,1155,3234,18958,2018-10-29 14:56:02+01:00,2025-05-15 16:58:50+02:00,19626,16165,2018-10-29T13:56:00Z,2025-07-09T21:46:22Z,Apache License 2.0,False,False
wechaty/getting-started,getting-started,JavaScript,"bot, chatbot, getting-started, video-tutorial, wechat, wechaty",837,357,19,31,771,2017-01-12 18:14:03+08:00,2024-05-10 12:10:14-07:00,124,99,2017-01-12T10:12:48Z,2024-05-10T19:10:14Z,Apache License 2.0,False,False
CodeForPhilly/chime,chime,Python,"code-for-america, code-for-philly, covid-19, epidemics, epidemiology, penn",209,153,26,64,1655,2020-03-13 19:11:44-04:00,2023-03-01 11:20:43-05:00,321,262,2020-03-17T15:54:27Z,2023-03-04T01:47:53Z,MIT License,False,False
